{"loss": [6.928318023681641, 4.9098615646362305, 4.2211456298828125, 3.882646083831787, 3.6520440578460693, 3.471930742263794, 3.323538064956665, 3.1953437328338623, 3.0777289867401123, 2.970898151397705, 2.8684206008911133, 2.77243971824646, 2.6809146404266357, 2.5926496982574463, 2.5081236362457275, 2.42624568939209, 2.346735954284668, 2.2701053619384766, 2.1939589977264404, 2.1223766803741455, 2.052388906478882, 1.9845106601715088, 1.915475845336914, 1.854762077331543, 1.7967373132705688, 1.740073561668396, 1.6857699155807495, 1.6310276985168457, 1.579562783241272, 1.5273184776306152, 1.4783049821853638, 1.429194688796997, 1.382539987564087, 1.3372200727462769, 1.2922446727752686, 1.2478752136230469, 1.2039289474487305, 1.1624678373336792, 1.121996521949768, 1.0833661556243896, 1.0459165573120117, 1.0087378025054932, 0.9719692468643188], "acc": [0.1221897080540657, 0.2997783422470093, 0.3533521592617035, 0.3802201449871063, 0.4039824306964874, 0.4221517741680145, 0.4376942217350006, 0.4520341455936432, 0.4658888876438141, 0.477853000164032, 0.4909564256668091, 0.5019714832305908, 0.5132613778114319, 0.5244622230529785, 0.5352575778961182, 0.545756459236145, 0.5569208860397339, 0.5681543946266174, 0.5778543949127197, 0.5881593227386475, 0.5987941026687622, 0.6085162162780762, 0.6189894080162048, 0.6281242370605469, 0.6376340985298157, 0.6456679701805115, 0.6550432443618774, 0.6628175377845764, 0.6706956028938293, 0.6799957752227783, 0.6880133748054504, 0.6964126229286194, 0.7037403583526611, 0.7120847702026367, 0.720209002494812, 0.7279611229896545, 0.7360476851463318, 0.7432363629341125, 0.7509342432022095, 0.7582672834396362, 0.7656680941581726, 0.7726421356201172, 0.7796524167060852], "val_loss": [5.505480766296387, 4.46498966217041, 4.075009346008301, 3.856826066970825, 3.7011964321136475, 3.5880935192108154, 3.4959681034088135, 3.4152824878692627, 3.3449645042419434, 3.2837297916412354, 3.2394444942474365, 3.186826229095459, 3.1357665061950684, 3.0992045402526855, 3.0591883659362793, 3.028729200363159, 2.995387077331543, 2.9746434688568115, 2.935792922973633, 2.9121813774108887, 2.892774820327759, 2.877516031265259, 2.858252763748169, 2.8368465900421143, 2.820906400680542, 2.799222707748413, 2.7989819049835205, 2.772907257080078, 2.7658910751342773, 2.761125326156616, 2.75065541267395, 2.7297303676605225, 2.720196485519409, 2.7306947708129883, 2.7346112728118896, 2.7148523330688477, 2.712771415710449, 2.724031925201416, 2.704392433166504, 2.706943988800049, 2.7151267528533936, 2.719500780105591, 2.7178378105163574], "val_acc": [0.24168094992637634, 0.339864581823349, 0.3713705539703369, 0.39408615231513977, 0.41253361105918884, 0.4271003007888794, 0.43914470076560974, 0.4493676722049713, 0.46050095558166504, 0.4702078700065613, 0.47758081555366516, 0.4858783185482025, 0.4947971701622009, 0.5005903840065002, 0.5081837773323059, 0.514155924320221, 0.5200870633125305, 0.5264788269996643, 0.5318475961685181, 0.5373237133026123, 0.5418569445610046, 0.5469139814376831, 0.5516279935836792, 0.555367648601532, 0.5600506067276001, 0.5633554458618164, 0.565813422203064, 0.5695748925209045, 0.5737649202346802, 0.5769356489181519, 0.580444872379303, 0.5839747190475464, 0.5869850516319275, 0.5889885425567627, 0.5908262729644775, 0.5959214568138123, 0.5973270535469055, 0.6000934839248657, 0.603779137134552, 0.6071709394454956, 0.6083677411079407, 0.6109421849250793, 0.6133163571357727]}